{
  "image": "frame_2_103.jpg",
  "num_instances": 2,
  "instances": [
    {
      "instance_index": 0,
      "keypoints_xy": [
        [
          186.84873962402344,
          135.49806213378906
        ],
        [
          190.6487579345703,
          131.0252227783203
        ],
        [
          182.99620056152344,
          131.28355407714844
        ],
        [
          196.78627014160156,
          129.12631225585938
        ],
        [
          177.1475372314453,
          129.58856201171875
        ],
        [
          203.87063598632812,
          148.24490356445312
        ],
        [
          172.2838592529297,
          149.68577575683594
        ],
        [
          200.32069396972656,
          183.82371520996094
        ],
        [
          167.77993774414062,
          184.21636962890625
        ],
        [
          180.949951171875,
          211.1594696044922
        ],
        [
          169.07713317871094,
          208.50979614257812
        ],
        [
          205.93701171875,
          206.01327514648438
        ],
        [
          180.88722229003906,
          207.02688598632812
        ],
        [
          215.83364868164062,
          250.68338012695312
        ],
        [
          168.51341247558594,
          253.35235595703125
        ],
        [
          227.1894073486328,
          296.51806640625
        ],
        [
          160.92835998535156,
          300.62835693359375
        ]
      ]
    },
    {
      "instance_index": 1,
      "keypoints_xy": [
        [
          540.8219604492188,
          151.6572265625
        ],
        [
          0.0,
          0.0
        ],
        [
          539.6201171875,
          147.61866760253906
        ],
        [
          0.0,
          0.0
        ],
        [
          530.6283569335938,
          145.24737548828125
        ],
        [
          521.2638549804688,
          162.3419189453125
        ],
        [
          516.836669921875,
          162.72445678710938
        ],
        [
          520.313720703125,
          196.206787109375
        ],
        [
          519.568603515625,
          198.66864013671875
        ],
        [
          527.35205078125,
          224.1343231201172
        ],
        [
          529.43798828125,
          229.03033447265625
        ],
        [
          494.9985046386719,
          214.6551055908203
        ],
        [
          490.74639892578125,
          214.8881378173828
        ],
        [
          507.1266174316406,
          262.93109130859375
        ],
        [
          500.6413269042969,
          267.62249755859375
        ],
        [
          502.0416259765625,
          306.7566833496094
        ],
        [
          491.8497619628906,
          319.35186767578125
        ]
      ]
    }
  ],
  "keypoint_labels": {
    "0": "person"
  }
}