{
  "image": "frame_4_619.jpg",
  "num_instances": 2,
  "instances": [
    {
      "instance_index": 0,
      "keypoints_xy": [
        [
          0.0,
          0.0
        ],
        [
          0.0,
          0.0
        ],
        [
          0.0,
          0.0
        ],
        [
          517.051025390625,
          130.0686798095703
        ],
        [
          0.0,
          0.0
        ],
        [
          502.7927551269531,
          143.85328674316406
        ],
        [
          530.9148559570312,
          149.675537109375
        ],
        [
          479.0342102050781,
          134.9211883544922
        ],
        [
          513.4598999023438,
          141.8299102783203
        ],
        [
          476.9898376464844,
          115.53150177001953
        ],
        [
          499.37908935546875,
          115.94763946533203
        ],
        [
          490.505859375,
          205.5225372314453
        ],
        [
          509.23388671875,
          207.5008544921875
        ],
        [
          493.279541015625,
          254.2237548828125
        ],
        [
          512.5657348632812,
          255.66806030273438
        ],
        [
          499.3558044433594,
          299.9815673828125
        ],
        [
          509.2629699707031,
          298.81976318359375
        ]
      ]
    },
    {
      "instance_index": 1,
      "keypoints_xy": [
        [
          226.23703002929688,
          111.61099243164062
        ],
        [
          0.0,
          0.0
        ],
        [
          220.23179626464844,
          108.45336151123047
        ],
        [
          0.0,
          0.0
        ],
        [
          210.044677734375,
          114.42462158203125
        ],
        [
          202.55276489257812,
          126.46014404296875
        ],
        [
          220.93218994140625,
          130.07089233398438
        ],
        [
          204.18984985351562,
          104.11277770996094
        ],
        [
          236.3254852294922,
          110.19728088378906
        ],
        [
          204.89358520507812,
          84.36307525634766
        ],
        [
          214.0592803955078,
          85.71309661865234
        ],
        [
          218.1453094482422,
          195.1944580078125
        ],
        [
          223.58209228515625,
          195.53219604492188
        ],
        [
          230.21507263183594,
          252.62216186523438
        ],
        [
          203.99600219726562,
          246.32540893554688
        ],
        [
          228.96710205078125,
          303.446044921875
        ],
        [
          169.92738342285156,
          286.8753967285156
        ]
      ]
    }
  ],
  "keypoint_labels": {
    "0": "person"
  }
}