{
  "image": "frame_5_640.jpg",
  "num_instances": 2,
  "instances": [
    {
      "instance_index": 0,
      "keypoints_xy": [
        [
          0.0,
          0.0
        ],
        [
          0.0,
          0.0
        ],
        [
          0.0,
          0.0
        ],
        [
          514.6203002929688,
          129.94528198242188
        ],
        [
          0.0,
          0.0
        ],
        [
          502.7242736816406,
          144.82916259765625
        ],
        [
          526.26953125,
          150.47598266601562
        ],
        [
          475.20501708984375,
          135.8267364501953
        ],
        [
          499.4138488769531,
          141.96083068847656
        ],
        [
          476.7081604003906,
          115.97967529296875
        ],
        [
          488.3501892089844,
          116.70614624023438
        ],
        [
          492.8508605957031,
          206.00634765625
        ],
        [
          509.46832275390625,
          207.98336791992188
        ],
        [
          492.6949157714844,
          254.46896362304688
        ],
        [
          513.7596435546875,
          255.84710693359375
        ],
        [
          499.1940002441406,
          301.973876953125
        ],
        [
          512.9566650390625,
          301.25738525390625
        ]
      ]
    },
    {
      "instance_index": 1,
      "keypoints_xy": [
        [
          227.5818328857422,
          110.58091735839844
        ],
        [
          223.75979614257812,
          105.93840026855469
        ],
        [
          221.4730682373047,
          107.21439361572266
        ],
        [
          0.0,
          0.0
        ],
        [
          211.6064453125,
          112.05876159667969
        ],
        [
          211.79942321777344,
          126.05924987792969
        ],
        [
          218.4016876220703,
          127.31655883789062
        ],
        [
          213.80224609375,
          113.17343139648438
        ],
        [
          220.79954528808594,
          114.07645416259766
        ],
        [
          207.86410522460938,
          94.4764404296875
        ],
        [
          200.78697204589844,
          97.84516906738281
        ],
        [
          221.63755798339844,
          192.17294311523438
        ],
        [
          220.63377380371094,
          191.284912109375
        ],
        [
          227.3657684326172,
          251.07470703125
        ],
        [
          203.5177764892578,
          244.4580078125
        ],
        [
          226.05831909179688,
          302.0110168457031
        ],
        [
          169.95684814453125,
          285.353515625
        ]
      ]
    }
  ],
  "keypoint_labels": {
    "0": "person"
  }
}