{
  "image": "frame_6_654.jpg",
  "num_instances": 2,
  "instances": [
    {
      "instance_index": 0,
      "keypoints_xy": [
        [
          0.0,
          0.0
        ],
        [
          0.0,
          0.0
        ],
        [
          0.0,
          0.0
        ],
        [
          510.921142578125,
          130.22879028320312
        ],
        [
          0.0,
          0.0
        ],
        [
          501.2595520019531,
          146.2506866455078
        ],
        [
          525.3305053710938,
          149.73513793945312
        ],
        [
          473.51702880859375,
          137.59974670410156
        ],
        [
          502.0693664550781,
          140.9922637939453
        ],
        [
          477.54595947265625,
          119.06216430664062
        ],
        [
          491.48291015625,
          117.30416870117188
        ],
        [
          492.9974365234375,
          206.25416564941406
        ],
        [
          509.9176025390625,
          207.16729736328125
        ],
        [
          491.97479248046875,
          254.78341674804688
        ],
        [
          513.0800170898438,
          254.16229248046875
        ],
        [
          499.5364685058594,
          302.7362060546875
        ],
        [
          515.7772827148438,
          299.9345397949219
        ]
      ]
    },
    {
      "instance_index": 1,
      "keypoints_xy": [
        [
          229.54336547851562,
          109.49115753173828
        ],
        [
          227.7493896484375,
          105.54772186279297
        ],
        [
          224.44467163085938,
          106.44821166992188
        ],
        [
          0.0,
          0.0
        ],
        [
          214.2977294921875,
          111.50236511230469
        ],
        [
          225.09658813476562,
          126.90556335449219
        ],
        [
          211.04705810546875,
          126.84291076660156
        ],
        [
          221.33541870117188,
          116.7916259765625
        ],
        [
          201.76324462890625,
          112.01974487304688
        ],
        [
          205.29721069335938,
          102.06888580322266
        ],
        [
          195.29696655273438,
          99.3252944946289
        ],
        [
          230.214111328125,
          194.89195251464844
        ],
        [
          216.4671630859375,
          193.3568115234375
        ],
        [
          230.93319702148438,
          250.84402465820312
        ],
        [
          202.18576049804688,
          243.83419799804688
        ],
        [
          226.2311553955078,
          301.50775146484375
        ],
        [
          174.8660430908203,
          287.4552917480469
        ]
      ]
    }
  ],
  "keypoint_labels": {
    "0": "person"
  }
}