{
  "image": "frame_8_750.jpg",
  "num_instances": 2,
  "instances": [
    {
      "instance_index": 0,
      "keypoints_xy": [
        [
          236.11656188964844,
          105.1784896850586
        ],
        [
          234.3863983154297,
          99.74331665039062
        ],
        [
          229.59231567382812,
          101.31656646728516
        ],
        [
          0.0,
          0.0
        ],
        [
          220.69473266601562,
          108.91140747070312
        ],
        [
          211.98768615722656,
          128.227294921875
        ],
        [
          228.6674041748047,
          126.71524047851562
        ],
        [
          183.72500610351562,
          134.24940490722656
        ],
        [
          214.89340209960938,
          123.64520263671875
        ],
        [
          188.23348999023438,
          110.70794677734375
        ],
        [
          194.7025909423828,
          105.55060577392578
        ],
        [
          221.44827270507812,
          191.98886108398438
        ],
        [
          226.05740356445312,
          190.61949157714844
        ],
        [
          227.78150939941406,
          248.6865234375
        ],
        [
          208.48614501953125,
          240.44277954101562
        ],
        [
          229.76708984375,
          302.65924072265625
        ],
        [
          174.20077514648438,
          284.90838623046875
        ]
      ]
    },
    {
      "instance_index": 1,
      "keypoints_xy": [
        [
          0.0,
          0.0
        ],
        [
          0.0,
          0.0
        ],
        [
          0.0,
          0.0
        ],
        [
          508.8553161621094,
          127.33381652832031
        ],
        [
          0.0,
          0.0
        ],
        [
          501.345703125,
          145.21957397460938
        ],
        [
          523.1713256835938,
          148.0948944091797
        ],
        [
          479.0018005371094,
          151.52630615234375
        ],
        [
          501.5148620605469,
          153.89903259277344
        ],
        [
          490.8487243652344,
          131.7594757080078
        ],
        [
          496.94281005859375,
          129.17803955078125
        ],
        [
          493.8221130371094,
          206.34115600585938
        ],
        [
          509.9926452636719,
          207.1966552734375
        ],
        [
          490.8731689453125,
          255.73684692382812
        ],
        [
          515.1412963867188,
          255.383056640625
        ],
        [
          497.18463134765625,
          303.72332763671875
        ],
        [
          518.6602783203125,
          301.52117919921875
        ]
      ]
    }
  ],
  "keypoint_labels": {
    "0": "person"
  }
}