{
  "image": "frame_1_47.jpg",
  "num_instances": 2,
  "instances": [
    {
      "instance_index": 0,
      "keypoints_xy": [
        [
          187.37669372558594,
          135.76161193847656
        ],
        [
          190.9375457763672,
          131.6499481201172
        ],
        [
          183.5528564453125,
          131.86398315429688
        ],
        [
          197.10247802734375,
          129.16824340820312
        ],
        [
          177.70147705078125,
          130.190673828125
        ],
        [
          205.4952850341797,
          146.78343200683594
        ],
        [
          172.09994506835938,
          149.46514892578125
        ],
        [
          208.5551300048828,
          182.61154174804688
        ],
        [
          173.588623046875,
          186.37515258789062
        ],
        [
          197.05807495117188,
          214.3310546875
        ],
        [
          188.1170196533203,
          216.5522003173828
        ],
        [
          206.88462829589844,
          203.43576049804688
        ],
        [
          180.43472290039062,
          204.7122802734375
        ],
        [
          218.91921997070312,
          250.90933227539062
        ],
        [
          169.94833374023438,
          253.09902954101562
        ],
        [
          227.27066040039062,
          297.351806640625
        ],
        [
          161.07611083984375,
          301.2309265136719
        ]
      ]
    },
    {
      "instance_index": 1,
      "keypoints_xy": [
        [
          541.6182250976562,
          151.65762329101562
        ],
        [
          0.0,
          0.0
        ],
        [
          540.3948364257812,
          147.75917053222656
        ],
        [
          0.0,
          0.0
        ],
        [
          531.6735229492188,
          145.83265686035156
        ],
        [
          517.177001953125,
          159.20057678222656
        ],
        [
          520.0230712890625,
          163.71263122558594
        ],
        [
          514.3826293945312,
          189.95948791503906
        ],
        [
          524.5311889648438,
          200.05494689941406
        ],
        [
          523.5107421875,
          216.5115966796875
        ],
        [
          533.2410888671875,
          227.30967712402344
        ],
        [
          491.71954345703125,
          212.98028564453125
        ],
        [
          491.7879333496094,
          214.850830078125
        ],
        [
          506.84149169921875,
          262.2275390625
        ],
        [
          501.5263977050781,
          269.1802673339844
        ],
        [
          503.7003173828125,
          305.91094970703125
        ],
        [
          491.5895080566406,
          320.7428283691406
        ]
      ]
    }
  ],
  "keypoint_labels": {
    "0": "person"
  }
}