{
  "image": "frame_3_374.jpg",
  "num_instances": 2,
  "instances": [
    {
      "instance_index": 0,
      "keypoints_xy": [
        [
          541.7879028320312,
          153.55355834960938
        ],
        [
          0.0,
          0.0
        ],
        [
          540.5530395507812,
          148.98556518554688
        ],
        [
          0.0,
          0.0
        ],
        [
          528.9271850585938,
          146.5579833984375
        ],
        [
          528.360595703125,
          170.4413299560547
        ],
        [
          505.3607482910156,
          158.05458068847656
        ],
        [
          527.5946655273438,
          188.44886779785156
        ],
        [
          485.11419677734375,
          157.97080993652344
        ],
        [
          527.2423706054688,
          184.31484985351562
        ],
        [
          488.62176513671875,
          146.19480895996094
        ],
        [
          502.3160400390625,
          219.63015747070312
        ],
        [
          486.5683288574219,
          216.1951446533203
        ],
        [
          515.7025146484375,
          262.72052001953125
        ],
        [
          498.70635986328125,
          264.3845520019531
        ],
        [
          501.9202880859375,
          305.0082092285156
        ],
        [
          489.1381530761719,
          315.65093994140625
        ]
      ]
    },
    {
      "instance_index": 1,
      "keypoints_xy": [
        [
          178.10888671875,
          140.5514678955078
        ],
        [
          181.1160888671875,
          136.6055908203125
        ],
        [
          174.4970703125,
          137.97039794921875
        ],
        [
          0.0,
          0.0
        ],
        [
          0.0,
          0.0
        ],
        [
          192.93870544433594,
          143.20010375976562
        ],
        [
          172.5863494873047,
          144.31393432617188
        ],
        [
          173.93585205078125,
          136.3370819091797
        ],
        [
          160.22509765625,
          131.7131805419922
        ],
        [
          162.10507202148438,
          121.85652160644531
        ],
        [
          161.32489013671875,
          118.22528076171875
        ],
        [
          205.76565551757812,
          206.62466430664062
        ],
        [
          186.13002014160156,
          208.16578674316406
        ],
        [
          212.77752685546875,
          250.28192138671875
        ],
        [
          170.17213439941406,
          253.02142333984375
        ],
        [
          224.8077850341797,
          294.6767578125
        ],
        [
          161.23719787597656,
          299.29779052734375
        ]
      ]
    }
  ],
  "keypoint_labels": {
    "0": "person"
  }
}