{
  "image": "frame_7_686.jpg",
  "num_instances": 2,
  "instances": [
    {
      "instance_index": 0,
      "keypoints_xy": [
        [
          0.0,
          0.0
        ],
        [
          0.0,
          0.0
        ],
        [
          0.0,
          0.0
        ],
        [
          510.73419189453125,
          128.7486572265625
        ],
        [
          0.0,
          0.0
        ],
        [
          501.5697937011719,
          144.95962524414062
        ],
        [
          523.8856811523438,
          149.64181518554688
        ],
        [
          473.0674133300781,
          142.93223571777344
        ],
        [
          496.8708190917969,
          147.75076293945312
        ],
        [
          484.0775451660156,
          123.64947509765625
        ],
        [
          493.1916809082031,
          122.96942138671875
        ],
        [
          494.1793518066406,
          206.2141571044922
        ],
        [
          510.35302734375,
          207.64320373535156
        ],
        [
          491.7008361816406,
          254.33758544921875
        ],
        [
          514.7503051757812,
          253.72808837890625
        ],
        [
          498.560546875,
          303.05084228515625
        ],
        [
          517.4178466796875,
          299.3763427734375
        ]
      ]
    },
    {
      "instance_index": 1,
      "keypoints_xy": [
        [
          234.33673095703125,
          106.92129516601562
        ],
        [
          231.00869750976562,
          101.80194091796875
        ],
        [
          228.6451873779297,
          102.83718872070312
        ],
        [
          218.63327026367188,
          104.88606262207031
        ],
        [
          221.1788787841797,
          108.85309600830078
        ],
        [
          208.10987854003906,
          127.58602905273438
        ],
        [
          230.73974609375,
          126.47265625
        ],
        [
          193.17181396484375,
          127.59190368652344
        ],
        [
          225.45957946777344,
          121.39892578125
        ],
        [
          190.02320861816406,
          106.22276306152344
        ],
        [
          199.84432983398438,
          104.04882049560547
        ],
        [
          217.72198486328125,
          191.63937377929688
        ],
        [
          226.388671875,
          190.19903564453125
        ],
        [
          226.08071899414062,
          249.69131469726562
        ],
        [
          206.8111114501953,
          242.34793090820312
        ],
        [
          230.1170654296875,
          301.9900817871094
        ],
        [
          171.0006866455078,
          283.8425598144531
        ]
      ]
    }
  ],
  "keypoint_labels": {
    "0": "person"
  }
}